person_id,string,abr,era_prefix_only,string_simp
4520,武成,True,True,武成
3679,哀平,True,True,哀平
3821,宣武,True,True,亘武
3825,孝明,True,True,孝明
4051,太武,True,True,太武
311,道武,True,True,道武
4487,孝宣,True,True,孝亘
3901,文桓,True,True,文桓
4362,武昭,True,True,武昭
7866,景明,True,True,景明
15273,天皇大帝,True,True,天皇大帝
4326,宣昭,True,True,亘昭
288,昭文,True,True,昭文
3672,惠愍,True,True,惠愍
3673,昭武,True,True,昭武
3703,成武,True,True,成武
290,惠懿,True,True,惠懿
292,昭成,True,True,昭成
3819,孝文,True,True,孝文
3740,孝莊,True,True,孝庄
316,獻文,True,True,献文
315,文成,True,True,文成
15261,明道崇德文宣,True,True,明道崇德文亘
15293,孝和,True,True,孝和
15292,神武,True,True,神武
15283,神武聖文,True,True,神武圣文
15347,睿聖文孝,True,True,睿圣文孝
15345,仁惠宣孝,True,True,仁惠亘孝
15351,光聖仁孝,True,True,光圣仁孝
15350,翼獻莊和,True,True,翼献庄和
15344,欽明廣孝,True,True,钦明广孝
15346,聖文欽孝,True,True,圣文钦孝
15343,聖德神功文武,True,True,圣德神功文武
4519,文宣,True,True,文亘
4521,孝昭,True,True,孝昭
7809,孝靜,True,True,孝静
312,明元,True,True,明元
291,文成,True,True,文成
3998,景昭,True,True,景昭
3635,文明,True,True,文明
3654,孝桓,True,True,孝桓
3837,孝靈,True,True,孝灵
3854,孝明,True,True,孝明
3040,昭文,True,True,昭文
3710,昭烈,True,True,昭烈
3729,孝懷,True,True,孝怀
262,更始,True,True,更始
4356,簡文,True,True,简文
3662,孝懷,True,True,孝怀
3877,孝惠,True,True,孝惠
3871,簡文,True,True,简文
3872,孝武,True,True,孝武
3833,前廢,True,True,前废
3860,孝武,True,True,孝武
3682,孝閔,True,True,孝闵
3917,孝宣,True,True,孝亘
3656,孝獻,True,True,孝献
3653,孝質,True,True,孝质
3630,孝惠,True,True,孝惠
3652,孝沖,True,True,孝冲
3631,孝文,True,True,孝文
3632,孝景,True,True,孝景
3633,孝昭,True,True,孝昭
3634,孝宣,True,True,孝亘
3708,孝元,True,True,孝元
3723,孝成,True,True,孝成
3724,孝哀,True,True,孝哀
3725,孝平,True,True,孝平
3839,孝武,True,True,孝武
266,昭武,True,True,昭武
3643,光武,True,True,光武
3644,孝章,True,True,孝章
3645,孝和,True,True,孝和
3646,孝安,True,True,孝安
3647,孝順,True,True,孝顺
15260,光文肅武孝高,True,True,光文肃武孝高
264,光文,True,True,光文
15327,聖宗,True,True,圣宗
15297,孝武惠文,True,True,孝武惠文
15375,法天隆運至誠,True,True,法天隆运至诚
15373,合天弘運文武,True,True,合天弘运文武
15379,繼天開運受中,True,True,继天开运受中
15378,協天翊運執中,True,True,协天翊运执中
15380,同天崇運大中,True,True,同天崇运大中
15377,效天符運立中,True,True,效天符运立中
15370,承天廣運聖德,True,True,承天广运圣德
15371,應天興國弘德,True,True,应天兴国弘德
15376,受天興運敷化,True,True,受天兴运敷化
15372,體天隆運定統,True,True,体天隆运定统
15374,敬天昌運建中,True,True,敬天昌运建中
15359,法天立道仁明,True,True,法天立道仁明
15365,契天隆道淵懿,True,True,契天隆道渊懿
15366,範天合道哲肅,True,True,范天合道哲肃
15368,達天闡道敦孝,True,True,达天阐道敦孝
15298,孝和莊憲,True,True,孝和庄宪
15296,大聖大明神烈,True,True,大圣大明神烈
15356,啓天弘道高明,True,True,启天弘道高明
15300,孝成康靖,True,True,孝成康靖
15326,聖文,True,True,圣文
318,孝武,True,True,孝武
3741,前廢,True,True,前废
3741,節閔,True,True,节闵
7178,孝靖,True,True,孝靖
7175,孝明,True,True,孝明
4358,孝元,True,True,孝元
3733,後廢,True,True,后废
16957,紹武,True,True,绍武
15335,德宗,True,True,德宗
15333,武元,True,True,武元
15334,文烈,True,True,文烈
15303,仁聖大孝,True,True,仁圣大孝
15301,文武大聖廣孝,True,True,文武大圣广孝
15299,孝安敬正,True,True,孝安敬正
15363,承天達道英肅,True,True,承天达道英肃
15302,神聖孝章,True,True,神圣孝章
15361,繼天凝道顯中,True,True,继天凝道显中
15306,至仁應道神功,True,True,至仁应道神功
15307,應符稽古成功,True,True,应符稽古成功
15318,建道備德大功,True,True,建道备德大功
15312,體神合道開德,True,True,体神合道开德
15319,端文明武景孝,True,True,端文明武景孝
15317,法天備道純德,True,True,法天备道纯德
15315,紹統同道冠德,True,True,绍统同道冠德
15305,啓運立極英武,True,True,启运立极英武
15316,循道憲仁明功,True,True,循道宪仁明功
15309,體乾應曆隆功,True,True,体干应历隆功
15308,體天法道極功,True,True,体天法道极功
15330,英文,True,True,英文
15324,昭英,True,True,昭英
15328,昭簡,True,True,昭简
15323,武烈,True,True,武烈
15369,紹天繹道剛明,True,True,绍天绎道刚明
15325,康靖,True,True,康靖
15310,紹天法古運德,True,True,绍天法古运德
15311,憲天敦化寧文,True,True,宪天敦化宁文
15314,受命中興全功,True,True,受命中兴全功
15285,武成英烈昭肅,True,True,武成英烈昭肃
15358,憲天崇道英明,True,True,宪天崇道英明
15362,達天明道純誠,True,True,达天明道纯诚
15254,睿武孝文,True,True,睿武孝文
15354,開天行道肇紀,True,True,开天行道肇纪
15367,崇天契道英睿,True,True,崇天契道英睿
15360,恭仁康定景,True,True,恭仁康定景
15364,欽天履道英毅,True,True,钦天履道英毅
15357,敬天體道純誠,True,True,敬天体道纯诚
15253,聖神恭肅文武,True,True,圣神恭肃文武
15243,神武元聖孝,True,True,神武元圣孝
15249,聖文章武明德,True,True,圣文章武明德
15245,光聖神閔孝,True,True,光圣神闵孝
15246,聖德和武欽孝,True,True,圣德和武钦孝
15251,睿文聖武昭肅,True,True,睿文圣武昭肃
16643,朱聿鍵,,False,朱聿键
15383,朱友珪,,False,朱友珪
15381,愛新覺羅溥儀,,False,爱新觉罗溥仪
15382,錢弘倧,,False,钱弘倧
16641,朱友貞,,False,朱友贞
16649,耶律夷列,,False,耶律夷列
16640,趙旉,,False,赵旉
16642,朱由崧,,False,朱由崧
15379,愛新覺羅載淳,,False,爱新觉罗载淳
16647,耶律大石,,False,耶律大石
15380,愛新覺羅載湉,,False,爱新觉罗载湉
15373,愛新覺羅玄燁,,False,爱新觉罗玄烨
15378,愛新覺羅奕詝,,False,爱新觉罗奕𬣞
15377,愛新覺羅旻寧,,False,爱新觉罗旻宁
15376,愛新覺羅顒琰,,False,爱新觉罗颙琰
15375,愛新覺羅弘曆,,False,爱新觉罗弘历
15374,愛新覺羅胤禛,,False,爱新觉罗胤禛
15372,愛新覺羅福臨,,False,爱新觉罗福临
15371,愛新覺羅皇太極,,False,爱新觉罗皇太极
15370,愛新覺羅努爾哈赤,,False,爱新觉罗努尔哈赤
16651,耶律直魯古,,False,耶律直鲁古
15368,朱由校,,False,朱由校
15369,朱由檢,,False,朱由检
16650,耶律普速完,,False,耶律普速完
290,高子雨,,False,高子雨
16652,高繼沖,,False,高继冲
286,李士如,,False,李士如
3004,李玄通,,False,李玄通
15366,朱翊鈞,,False,朱翊钧
3001,李玄休,,False,李玄休
2030,劉休遠,,False,刘休远
1571,張安遜,,False,张安逊
1345,元宣德,,False,元亘德
511,張士彥,,False,张士彦
291,馮文起,,False,冯文起
290,慕容子雨,,False,慕容子雨
289,慕容祖明,,False,慕容祖明
275,張純嘏,,False,张纯嘏
16950,慕容詳,,False,慕容详
274,張元安,,False,张元安
273,張元舒,,False,张元舒
272,張泰臨,,False,张泰临
266,劉玄門,,False,刘玄门
265,劉玄泰,,False,刘玄泰
263,曹元仲,,False,曹元仲
262,劉聖公,,False,刘圣公
16957,朱聿鐭,,False,朱聿鐭
16953,張大豫,,False,张大豫
16951,慕容麟,,False,慕容麟
15367,朱常洛,,False,朱常洛
15329,李安全,,False,李安全
15365,朱載垕,,False,朱载垕
15327,李仁孝,,False,李仁孝
15338,完顏璟,,False,完颜璟
15337,完顏雍,,False,完颜雍
15336,完顏亮,,False,完颜亮
15335,完顏亶,,False,完颜亶
15334,完顏吳乞買,,False,完颜吴乞买
15333,完顏阿骨打,,False,完颜阿骨打
15332,李睍,,False,李𪾢
15331,李德旺,,False,李德旺
15330,李遵頊,,False,李遵顼
15328,李純祐,,False,李纯祐
15326,李乾順,,False,李干顺
15364,朱厚熜,,False,朱厚熜
15325,李秉常,,False,李秉常
15324,李諒祚,,False,李谅祚
15323,李元昊,,False,李元昊
15322,趙昺,,False,赵昺
15321,趙昰,,False,赵是
15320,趙㬎,,False,赵㬎
15319,趙禥,,False,赵祺
15318,趙昀,,False,赵昀
15317,趙擴,,False,赵扩
3631,劉長龍,,False,刘长龙
15339,完顏永濟,,False,完颜永济
15340,完顏珣,,False,完颜珣
15341,完顏守緒,,False,完颜守绪
15342,完顏承麟,,False,完颜承麟
15363,朱厚照,,False,朱厚照
15362,朱祐樘,,False,朱祐樘
15361,朱見深,,False,朱见深
15360,朱祁鈺,,False,朱祁钰
15359,朱祁鎮,,False,朱祁镇
15358,朱瞻基,,False,朱瞻基
15357,朱高熾,,False,朱高炽
15356,朱棣,,False,朱棣
15355,朱允炆,,False,朱允炆
15354,朱元璋,,False,朱元璋
15353,孛兒只斤妥懽帖睦爾,,False,孛儿只斤妥欢帖睦尔
15352,孛兒只斤懿璘質班,,False,孛儿只斤懿璘质班
15351,孛兒只斤和世㻋,,False,孛儿只斤和世瑓
15350,孛兒只斤圖帖睦爾,,False,孛儿只斤图帖睦尔
15349,孛兒只斤阿速吉八,,False,孛儿只斤阿速吉八
15348,孛兒只斤也孫鐵木兒,,False,孛儿只斤也孙铁木儿
15347,孛兒只斤碩德八剌,,False,孛儿只斤硕德八刺
15346,孛兒只斤愛育黎拔力八達,,False,孛儿只斤爱育黎拔力八达
15345,孛兒只斤海山,,False,孛儿只斤海山
15344,孛兒只斤鐵穆耳,,False,孛儿只斤铁穆耳
15343,孛兒只斤忽必烈,,False,孛儿只斤忽必烈
3009,李仲儁,,False,李仲俊
7153,蕭理孫,,False,萧理孙
3635,慕容元真,,False,慕容元真
4479,陳奉業,,False,陈奉业
6004,蕭世詢,,False,萧世询
5692,楊仁謹,,False,杨仁谨
4525,高仁綱,,False,高仁纲
4521,高延安,,False,高延安
4520,高步落稽,,False,高步落稽
4519,高子進,,False,高子进
4487,陳紹世,,False,陈绍世
4486,陳興國,,False,陈兴国
4485,陳子華,,False,陈子华
4482,陳元秀,,False,陈元秀
4407,赫連屈孑,,False,赫连屈孑
7175,蕭仁遠,,False,萧仁远
4362,姚景茂,,False,姚景茂
4361,蕭宣遠,,False,萧亘远
4359,呂世明,,False,吕世明
4358,蕭世誠,,False,萧世诚
4356,蕭世纘,,False,萧世缵
4256,王行滿,,False,王行满
4173,楊阿𡡉,,False,杨阿𡡉
4171,楊那羅延,,False,杨那罗延
4134,李叔德,,False,李叔德
4132,李為善,,False,李为善
15315,趙昚,,False,赵慎
7178,蕭溫文,,False,萧温文
3636,張公庭,,False,张公庭
3658,高貴鄉公,,False,高贵乡公
16956,拖雷,,False,拖雷
16955,平成天皇,,False,平成天皇
16954,智子内親王,,False,智子内亲王
16952,蘭汗,,False,兰汗
16648,蕭塔不煙,,False,萧塔不烟
16646,脫古思帖木兒,,False,脱古思帖木儿
16645,愛猷識理達臘,,False,爱猷识理达腊
10187,天冊金輪,,False,天册金轮
4482,陳主叔寶,,False,陈主叔宝
3726,孺子嬰,,False,孺子婴
2030,元凶劭,,False,元凶劭
7233,侯萬景,,False,侯万景
1880,秦三世,,False,秦三世
1879,秦二世,,False,秦二世
1878,秦始皇,,False,秦始皇
311,什圭,,False,什圭
10187,武則天,,False,武则天
7866,苻建業,,False,苻建业
7617,石世龍,,False,石世龙
7605,蕭紹伯,,False,萧绍伯
7320,李玄盛,,False,李玄盛
7316,蕭元吉,,False,萧元吉
4113,曹子桓,,False,曹子桓
4001,慕容景茂,,False,慕容景茂
4000,慕容玄明,,False,慕容玄明
3672,慕容道祐,,False,慕容道祐
3710,劉玄德,,False,刘玄德
3706,呂娥姁,,False,吕娥姁
3703,慕容道明,,False,慕容道明
3697,蕭智昭,,False,萧智昭
3696,蕭智藏,,False,萧智藏
3695,蕭景栖,,False,萧景栖
3694,蕭季尚,,False,萧季尚
3693,蕭元尚,,False,萧元尚
3682,宇文陀羅尼,,False,宇文陀罗尼
3679,苻永叔,,False,苻永叔
3671,李士業,,False,李士业
3987,桓靈寶,,False,桓灵宝
3665,司馬延齡,,False,司马延龄
3664,司馬世同,,False,司马世同
3663,司馬彥旗,,False,司马彦旗
3662,司馬豐度,,False,司马丰度
3659,曹景明,,False,曹景明
3658,曹彥士,,False,曹彦士
3657,曹蘭卿,,False,曹兰卿
3643,劉文叔,,False,刘文叔
3641,司馬安世,,False,司马安世
3637,張太伯,,False,张太伯
3727,王巨君,,False,王巨君
3729,劉公嗣,,False,刘公嗣
3730,孫子明,,False,孙子明
3731,孫子烈,,False,孙子烈
3987,桓敬道,,False,桓敬道
3968,張成遜,,False,张成逊
3918,宇文禰羅突,,False,宇文祢罗突
3917,宇文乾伯,,False,宇文干伯
3914,宇文統萬突,,False,宇文统万突
3910,孫元宗,,False,孙元宗
3907,孫仲謀,,False,孙仲谋
3877,司馬正度,,False,司马正度
3876,司馬世根,,False,司马世根
3875,司馬彭子,,False,司马彭子
3874,司馬道畿,,False,司马道畿
3873,司馬景文,,False,司马景文
3872,司馬昌明,,False,司马昌明
3871,司馬道萬,,False,司马道万
3866,司馬千齡,,False,司马千龄
3861,蕭叔達,,False,萧叔达
3842,劉永明,,False,刘永明
3742,高正道,,False,高正道
3739,元華興,,False,元华兴
3737,蕭慧相,,False,萧慧相
3736,蕭靖通,,False,萧靖通
15316,趙惇,,False,赵惇
262,劉玄,,False,刘玄
263,曹叡,,False,曹睿
3237,楊盛,,False,杨盛
3635,慕容皝,,False,慕容皝
3636,張駿,,False,张骏
3637,張祚,,False,张祚
3638,李炎,,False,李炎
3641,司馬炎,,False,司马炎
3643,劉秀,,False,刘秀
3644,劉炟,,False,刘炟
3645,劉肇,,False,刘肇
3646,劉祜,,False,刘祜
3647,劉保,,False,刘保
3652,劉炳,,False,刘炳
3653,劉纘,,False,刘缵
3654,劉志,,False,刘志
3655,劉辯,,False,刘辩
3656,劉協,,False,刘协
3657,曹芳,,False,曹芳
3658,曹髦,,False,曹髦
3659,曹奐,,False,曹奂
3662,司馬熾,,False,司马炽
3634,劉詢,,False,刘询
3633,劉弗陵,,False,刘弗陵
3632,劉啟,,False,刘启
3370,楊後起,,False,杨后起
3262,楊保宗,,False,杨保宗
3269,高延宗,,False,高延宗
3270,楊保熾,,False,杨保炽
3280,楊文德,,False,杨文德
3311,楊元和,,False,杨元和
3312,楊僧嗣,,False,杨僧嗣
3339,楊文度,,False,杨文度
3340,楊文弘,,False,杨文弘
3372,楊紹先,,False,杨绍先
3631,劉恆,,False,刘恒
3373,楊智慧,,False,杨智慧
3374,楊辟邪,,False,杨辟邪
3375,楊廣香,,False,杨广香
3376,楊炯,,False,杨炯
3377,楊崇祖,,False,杨崇祖
3378,楊孟孫,,False,杨孟孙
3629,劉邦,,False,刘邦
3630,劉盈,,False,刘盈
3663,司馬鄴,,False,司马邺
3664,司馬岳,,False,司马岳
3665,司馬奕,,False,司马奕
3730,孫亮,,False,孙亮
3722,劉賀,,False,刘贺
3723,劉驁,,False,刘骜
3724,劉欣,,False,刘欣
3725,劉衎,,False,刘衎
3726,劉嬰,,False,刘婴
3727,王莽,,False,王莽
3728,劉懿,,False,刘懿
3729,劉禪,,False,刘禅
3731,孫休,,False,孙休
3710,劉備,,False,刘备
3732,劉義符,,False,刘义符
3733,劉昱,,False,刘昱
3734,劉準,,False,刘准
3736,蕭明,,False,萧明
3736,蕭淵明,,False,萧渊明
3737,蕭方智,,False,萧方智
3738,元釗,,False,元钊
3739,元曄,,False,元晔
3721,李儇,,False,李儇
3708,劉奭,,False,刘奭
3666,司馬德宗,,False,司马德宗
3680,苻登,,False,苻登
3667,司馬德文,,False,司马德文
3671,李歆,,False,李歆
3672,慕容寶,,False,慕容宝
3673,慕容盛,,False,慕容盛
3674,石世,,False,石世
3675,石遵,,False,石遵
3678,苻生,,False,苻生
3679,苻丕,,False,苻丕
3682,宇文覺,,False,宇文觉
3706,呂雉,,False,吕雉
3693,蕭昭業,,False,萧昭业
3694,蕭昭文,,False,萧昭文
3695,蕭鸞,,False,萧鸾
3696,蕭寶卷,,False,萧宝卷
3697,蕭寶融,,False,萧宝融
3700,李哲,,False,李哲
3700,李顯,,False,李显
3703,慕容垂,,False,慕容垂
3249,楊玄,,False,杨玄
3198,楊定,,False,杨定
3741,元恭,,False,元恭
3143,楊篡,,False,杨篡
286,李恂,,False,李恂
288,慕容熙,,False,慕容熙
289,慕容超,,False,慕容超
290,慕容雲,,False,慕容云
290,高雲,,False,高云
291,馮跋,,False,冯跋
292,馮弘,,False,冯弘
293,苻崇,,False,苻崇
297,乞伏國仁,,False,乞伏国仁
298,乞伏乾歸,,False,乞伏干归
299,乞伏熾磐,,False,乞伏炽磐
302,赫連昌,,False,赫连昌
303,赫連定,,False,赫连定
304,慕容泓,,False,慕容泓
306,段隨,,False,段随
307,慕容顗,,False,慕容𫖮
308,慕容瑤,,False,慕容瑶
309,慕容忠,,False,慕容忠
310,慕容永,,False,慕容永
284,且渠無諱,,False,且渠无讳
284,沮渠無諱,,False,沮渠无讳
283,且渠茂虔,,False,且渠茂虔
273,張曜靈,,False,张曜灵
264,劉淵,,False,刘渊
265,劉和,,False,刘和
266,劉聰,,False,刘聪
267,劉粲,,False,刘粲
269,石鑒,,False,石鉴
270,石祗,,False,石祗
271,冉閔,,False,冉闵
272,張重華,,False,张重华
274,張玄靚,,False,张玄靓
283,且渠牧犍,,False,且渠牧犍
275,張天錫,,False,张天锡
276,呂紹,,False,吕绍
277,呂隆,,False,吕隆
278,禿髮烏孤,,False,秃发乌孤
279,禿髮利鹿孤,,False,秃发利鹿孤
280,禿髮傉檀,,False,秃发傉檀
283,沮渠牧犍,,False,沮渠牧犍
283,沮渠茂虔,,False,沮渠茂虔
311,拓拔珪,,False,拓拔珪
311,拓跋珪,,False,拓跋珪
311,托跋珪,,False,托跋珪
3028,楊集始,,False,杨集始
2946,劉弘,,False,刘弘
2999,劉隆,,False,刘隆
3001,李特,,False,李特
3004,李流,,False,李流
3009,李雄,,False,李雄
3015,李班,,False,李班
3025,李期,,False,李期
3028,楊集,,False,杨集
3040,李壽,,False,李寿
2030,劉劭,,False,刘劭
3078,李勢,,False,李势
3086,譙縱,,False,谯纵
3111,楊難敵,,False,杨难敌
3115,楊毅,,False,杨毅
3117,楊初,,False,杨初
3126,楊國,,False,杨国
3128,楊俊,,False,杨俊
3137,楊世,,False,杨世
2933,劉恭,,False,刘恭
1880,嬴子嬰,,False,嬴子婴
312,拓拔嗣,,False,拓拔嗣
316,拓跋弘,,False,拓跋弘
312,托跋嗣,,False,托跋嗣
314,拓拔余,,False,拓拔余
314,拓跋余,,False,拓跋余
314,托跋余,,False,托跋余
315,拓拔濬,,False,拓拔浚
315,拓跋濬,,False,拓跋浚
315,托跋濬,,False,托跋浚
316,拓拔弘,,False,拓拔弘
316,托跋弘,,False,托跋弘
1879,嬴胡亥,,False,嬴胡亥
318,元脩,,False,元修
320,拓拔廓,,False,拓拔廓
320,托跋廓,,False,托跋廓
321,宇文闡,,False,宇文阐
511,張軌,,False,张轨
1345,元愉,,False,元愉
1571,張寔,,False,张实
1878,嬴政,,False,嬴政
3740,元子攸,,False,元子攸
3742,高殷,,False,高殷
15313,趙桓,,False,赵桓
5692,楊侗,,False,杨侗
15248,李從珂,,False,李从珂
15249,石敬瑭,,False,石敬瑭
15250,石重貴,,False,石重贵
15251,劉知遠,,False,刘知远
15252,劉承祐,,False,刘承祐
15253,郭威,,False,郭威
15254,柴榮,,False,柴荣
15255,柴宗訓,,False,柴宗训
15256,楊行密,,False,杨行密
15257,楊渥,,False,杨渥
15258,楊隆演,,False,杨隆演
15259,楊溥,,False,杨溥
15260,李昪,,False,李昪
15261,李璟,,False,李璟
15262,李煜,,False,李煜
15263,錢鏐,,False,钱镠
15264,錢元瓘,,False,钱元瓘
15265,錢弘佐,,False,钱弘佐
15266,錢弘俶,,False,钱弘俶
15247,李從厚,,False,李从厚
15246,李嗣源,,False,李嗣源
15245,李存勗,,False,李存勖
7342,沮渠蒙遜,,False,沮渠蒙逊
6004,蕭紀,,False,萧纪
6414,高紹義,,False,高绍义
7153,蕭詧,,False,萧察
7175,蕭巋,,False,萧岿
7178,蕭琮,,False,萧琮
7233,侯景,,False,侯景
7316,蕭棟,,False,萧栋
7320,李暠,,False,李皓
7342,且渠蒙遜,,False,且渠蒙逊
15244,朱瑱,,False,朱瑱
7605,蕭道成,,False,萧道成
7617,石勒,,False,石勒
7705,元朗,,False,元朗
7809,元善見,,False,元善见
7866,苻健,,False,苻健
10186,李重茂,,False,李重茂
10187,武瞾,,False,武照
15243,朱溫,,False,朱温
15267,王審知,,False,王审知
15268,王延翰,,False,王延翰
15269,王延鈞,,False,王延钧
15303,耶律洪基,,False,耶律洪基
15295,劉繼元,,False,刘继元
15296,耶律阿保機,,False,耶律阿保机
15297,耶律德光,,False,耶律德光
15298,耶律阮,,False,耶律阮
15299,耶律璟,,False,耶律璟
15300,耶律賢,,False,耶律贤
15301,耶律隆緒,,False,耶律隆绪
15302,耶律宗真,,False,耶律宗真
15304,耶律延禧,,False,耶律延禧
15293,劉鈞,,False,刘钧
15305,趙匡胤,,False,赵匡胤
15306,趙光義,,False,赵光义
15307,趙恆,,False,赵恒
15308,趙禎,,False,赵祯
15309,趙曙,,False,赵曙
15310,趙頊,,False,赵顼
15311,趙煦,,False,赵煦
15312,趙佶,,False,赵佶
15294,劉繼恩,,False,刘继恩
15292,劉旻,,False,刘旻
15270,王昶,,False,王昶
15279,馬希範,,False,马希范
15271,王曦,,False,王曦
15272,王延政,,False,王延政
15273,劉巖,,False,刘岩
15274,劉玢,,False,刘玢
15275,劉晟,,False,刘晟
15276,劉鋹,,False,刘𬬮
15277,馬殷,,False,马殷
15278,馬希聲,,False,马希声
15280,馬希廣,,False,马希广
15290,高保勗,,False,高保勖
15281,馬希萼,,False,马希萼
15283,王建,,False,王建
15284,王衍,,False,王衍
15285,孟知祥,,False,孟知祥
15286,孟昶,,False,孟昶
15287,高季興,,False,高季兴
15288,高從誨,,False,高从诲
15289,高保融,,False,高保融
5965,楊浩,,False,杨浩
4891,楊難當,,False,杨难当
3743,高恆,,False,高恒
4525,高緯,,False,高纬
3874,司馬紹,,False,司马绍
3875,司馬聃,,False,司马聃
3876,司馬衍,,False,司马衍
3877,司馬衷,,False,司马衷
3886,呂纂,,False,吕纂
3900,姚泓,,False,姚泓
3901,姚興,,False,姚兴
3907,孫權,,False,孙权
3910,孫晧,,False,孙晧
3910,孫浩,,False,孙浩
3914,宇文毓,,False,宇文毓
3917,宇文贇,,False,宇文赟
3918,宇文邕,,False,宇文邕
3968,張茂,,False,张茂
3987,桓玄,,False,桓玄
3998,慕容俊,,False,慕容俊
4000,慕容德,,False,慕容德
4001,慕容暐,,False,慕容𬀩
4002,慕容沖,,False,慕容冲
3873,司馬睿,,False,司马睿
3872,司馬曜,,False,司马曜
3871,司馬昱,,False,司马昱
3833,劉子業,,False,刘子业
3744,元欽,,False,元钦
3746,楊侑,,False,杨侑
3753,乞伏暮末,,False,乞伏暮末
3819,元宏,,False,元宏
3819,托跋宏,,False,托跋宏
3820,元寶炬,,False,元宝炬
3821,元恪,,False,元恪
3825,元詡,,False,元诩
3837,劉宏,,False,刘宏
3866,司馬丕,,False,司马丕
3838,劉彧,,False,刘彧
3839,劉徹,,False,刘彻
3842,劉曜,,False,刘曜
3853,劉義隆,,False,刘义隆
3854,劉莊,,False,刘庄
3856,劉裕,,False,刘裕
3860,劉駿,,False,刘骏
3861,蕭衍,,False,萧衍
4051,拓拔燾,,False,拓拔焘
4051,托跋燾,,False,托跋焘
4113,曹丕,,False,曹丕
4362,姚萇,,False,姚苌
4256,王充,,False,王充
4301,石弘,,False,石弘
4302,石虎,,False,石虎
4326,苻堅,,False,苻坚
4356,蕭綱,,False,萧纲
4358,蕭繹,,False,萧绎
4359,呂光,,False,吕光
4361,蕭賾,,False,萧赜
4407,赫連勃勃,,False,赫连勃勃
4205,且渠安周,,False,且渠安周
4479,陳伯宗,,False,陈伯宗
4482,陳叔寶,,False,陈叔宝
4485,陳蒨,,False,陈蒨
4486,陳霸先,,False,陈霸先
4487,陳頊,,False,陈顼
4519,高洋,,False,高洋
4520,高湛,,False,高湛
4521,高演,,False,高演
4256,王世充,,False,王世充
4205,沮渠安周,,False,沮渠安周
4115,李世民,,False,李世民
4134,李淵,,False,李渊
4117,李亨,,False,李亨
4125,李忱,,False,李忱
4126,李恆,,False,李恒
4128,李旦,,False,李旦
4129,李昂,,False,李昂
4130,李曄,,False,李晔
4131,李柷,,False,李柷
4132,李治,,False,李治
4135,李湛,,False,李湛
4193,段業,,False,段业
4136,李漼,,False,李漼
4140,李純,,False,李纯
4143,李誦,,False,李诵
4144,李豫,,False,李豫
4147,李适,,False,李适
4151,李隆基,,False,李隆基
4171,楊堅,,False,杨坚
4173,楊廣,,False,杨广
15314,趙構,,False,赵构
3914,世宗,,,世宗
3918,高祖,,,高祖
3860,世祖,,,世祖
3853,太祖,,,太祖
3856,高祖,,,高祖
3874,肅祖,,,肃祖
3872,烈宗,,,烈宗
3641,世祖,,,世祖
3861,高祖,,,高祖
3854,顯宗,,,显宗
3654,威宗,,,威宗
3647,敬宗,,,敬宗
3646,恭宗,,,恭宗
3645,穆宗,,,穆宗
3644,肅宗,,,肃宗
3643,世祖,,,世祖
3629,高祖,,,高祖
3839,世宗,,,世宗
3725,元宗,,,元宗
3723,統宗,,,统宗
3708,高宗,,,高宗
3634,中宗,,,中宗
3631,太宗,,,太宗
3635,太祖,,,太祖
3998,烈宗,,,烈宗
291,太祖,,,太祖
3703,世祖,,,世祖
3673,中宗,,,中宗
3672,烈宗,,,烈宗
4326,世祖,,,世祖
3680,太宗,,,太宗
7866,高祖,,,高祖
4362,太祖,,,太祖
3901,高祖,,,高祖
4487,高宗,,,高宗
4486,高祖,,,高祖
4485,世祖,,,世祖
4171,高祖,,,高祖
311,太祖,,,太祖
4051,世祖,,,世祖
3825,肅宗,,,肃宗
3821,世宗,,,世宗
3819,高祖,,,高祖
316,顯祖,,,显祖
315,高宗,,,高宗
312,太宗,,,太宗
4113,高祖,,,高祖
263,烈祖,,,烈祖
4519,顯祖,,,显祖
7605,太祖,,,太祖
4361,世祖,,,世祖
3695,高宗,,,高宗
4134,高祖,,,高祖
4115,太宗,,,太宗
4132,高宗,,,高宗
4117,肅宗,,,肃宗
4151,玄宗,,,玄宗
4144,代宗,,,代宗
4147,德宗,,,德宗
4143,順宗,,,顺宗
4140,憲宗,,,宪宗
4126,穆宗,,,穆宗
4135,敬宗,,,敬宗
4129,文宗,,,文宗
3638,武宗,,,武宗
4125,宣宗,,,亘宗
3721,僖宗,,,僖宗
4130,昭宗,,,昭宗
4131,景宗,,,景宗
15343,世祖,,,世祖
15346,仁宗,,,仁宗
15352,寧宗,,,宁宗
15344,成宗,,,成宗
15350,文宗,,,文宗
15351,明宗,,,明宗
15345,武宗,,,武宗
15348,泰定,,,泰定
15347,英宗,,,英宗
15283,高祖,,,高祖
15292,世祖,,,世祖
15293,睿宗,,,睿宗
15261,元宗,,,元宗
15260,烈祖,,,烈祖
15275,中宗,,,中宗
15274,殤帝,,,殇帝
15273,高祖,,,高祖
15256,太祖,,,太祖
15257,烈宗,,,烈宗
15264,世宗,,,世宗
15263,太祖,,,太祖
15265,成宗,,,成宗
15258,高祖,,,高祖
15327,仁宗,,,仁宗
15326,崇宗,,,崇宗
15325,惠宗,,,惠宗
15323,景宗,,,景宗
15328,桓宗,,,桓宗
15324,毅宗,,,毅宗
15330,神宗,,,神宗
15308,仁宗,,,仁宗
15316,光宗,,,光宗
15311,哲宗,,,哲宗
15306,太宗,,,太宗
15305,太祖,,,太祖
15315,孝宗,,,孝宗
15317,寧宗,,,宁宗
15319,度宗,,,度宗
15312,徽宗,,,徽宗
15318,理宗,,,理宗
15307,真宗,,,真宗
15310,神宗,,,神宗
15309,英宗,,,英宗
15314,高宗,,,高宗
15254,世宗,,,世宗
15253,太祖,,,太祖
15246,明宗,,,明宗
15245,莊宗,,,庄宗
15249,高祖,,,高祖
15243,太祖,,,太祖
15251,高祖,,,高祖
15285,高祖,,,高祖
15364,世宗,,,世宗
15357,仁宗,,,仁宗
15360,代宗,,,代宗
15367,光宗,,,光宗
15354,太祖,,,太祖
15362,孝宗,,,孝宗
15358,宣宗,,,亘宗
15369,思宗,,,思宗
15355,惠帝,,,惠帝
15361,憲宗,,,宪宗
15356,成祖,,,成祖
15363,武宗,,,武宗
15368,熹宗,,,熹宗
15366,神宗,,,神宗
15365,穆宗,,,穆宗
15359,英宗,,,英宗
15374,世宗,,,世宗
15372,世祖,,,世祖
15376,仁宗,,,仁宗
15371,太宗,,,太宗
15370,太祖,,,太祖
15377,宣宗,,,亘宗
15380,德宗,,,德宗
15378,文宗,,,文宗
15379,穆宗,,,穆宗
15373,聖祖,,,圣祖
15375,高宗,,,高宗
15287,高祖,,,高祖
15298,世宗,,,世宗
15297,太宗,,,太宗
15296,太祖,,,太祖
15300,景宗,,,景宗
15299,穆宗,,,穆宗
15301,聖宗,,,圣宗
15302,興宗,,,兴宗
15303,道宗,,,道宗
15337,世宗,,,世宗
15341,哀宗,,,哀宗
15334,太宗,,,太宗
15333,太祖,,,太祖
15340,宣宗,,,亘宗
15335,熙宗,,,熙宗
15338,章宗,,,章宗
15269,太宗,,,太宗
15267,太祖,,,太祖
15270,康宗,,,康宗
15268,惠宗,,,惠宗
15271,景宗,,,景宗
16645,昭宗,,,昭宗
16516,太宗,,,太宗
16642,安宗,,,安宗
16643,紹宗,,,绍宗
16644,昭宗,,,昭宗
16608,太祖,,,太祖
16609,定宗,,,定宗
16610,太宗,,,太宗
16611,世宗,,,世宗
16612,文宗,,,文宗
16613,端宗,,,端宗
16614,世祖,,,世祖
16615,睿宗,,,睿宗
16616,德宗,,,德宗
16619,中宗,,,中宗
16620,仁宗,,,仁宗
16621,明宗,,,明宗
16622,宣宗,,,亘宗
16625,仁祖,,,仁祖
16626,孝宗,,,孝宗
16627,顯宗,,,显宗
16628,肅宗,,,肃宗
16629,景宗,,,景宗
16630,英宗,,,英宗
16633,正宗,,,正宗
16634,純祖,,,纯祖
16636,憲宗,,,宪宗
16637,哲宗,,,哲宗
16638,高宗,,,高宗
16639,純宗,,,纯宗
16647,德宗,,,德宗
16649,仁宗,,,仁宗
16567,太祖,,,太祖
16568,惠宗,,,惠宗
16569,定宗,,,定宗
16570,光宗,,,光宗
16571,景宗,,,景宗
16573,成宗,,,成宗
16574,穆宗,,,穆宗
16576,顯宗,,,显宗
16577,德宗,,,德宗
16578,靖宗,,,靖宗
16579,文宗,,,文宗
16580,順宗,,,顺宗
16581,宣宗,,,亘宗
16582,獻宗,,,献宗
16583,肅宗,,,肃宗
16584,睿宗,,,睿宗
16585,仁宗,,,仁宗
16586,元宗,,,元宗
16587,明宗,,,明宗
16588,神宗,,,神宗
16589,熙宗,,,熙宗
16590,康宗,,,康宗
16591,高宗,,,高宗
16593,元宗,,,元宗
4136,懿宗,,,懿宗
3838,太宗,,,太宗
4358,世祖,,,世祖
7342,太祖,,,太祖
4520,世祖,,,世祖
3700,中宗,,,中宗
4128,睿宗,,,睿宗
3731,景帝,,,景帝
3914,明帝,,,明帝
3918,武帝,,,武帝
3917,孝宣帝,,,孝亘帝
3682,孝閔帝,,,孝闵帝
321,靜帝,,,静帝
3860,孝武帝,,,孝武帝
3853,文帝,,,文帝
3856,武帝,,,武帝
3833,前廢帝,,,前废帝
3734,順帝,,,顺帝
3732,少帝,,,少帝
275,涼悼公,,,凉悼公
273,涼哀公公,,,凉哀公公
3876,成帝,,,成帝
3875,穆帝,,,穆帝
3874,明帝,,,明帝
3873,元帝,,,元帝
3872,孝武帝,,,孝武帝
3871,簡文帝,,,简文帝
3866,哀帝,,,哀帝
3667,恭帝,,,恭帝
3666,安帝,,,安帝
3665,廢帝,,,废帝
3664,康帝,,,康帝
3877,孝惠帝,,,孝惠帝
3663,愍帝,,,愍帝
3662,孝懷帝,,,孝怀帝
3641,武帝,,,武帝
3737,敬帝,,,敬帝
3861,武帝,,,武帝
4356,簡文帝,,,简文帝
3968,成王,,,成王
3637,威王,,,威王
3636,文王,,,文王
272,桓王,,,桓王
276,隱王,,,隐王
3729,孝懷帝,,,孝怀帝
3710,昭烈帝,,,昭烈帝
3040,昭文帝,,,昭文帝
3009,武帝,,,武帝
3854,孝明帝,,,孝明帝
3837,孝靈帝,,,孝灵帝
3728,少帝,,,少帝
3656,孝獻帝,,,孝献帝
3655,少帝,,,少帝
3654,孝桓帝,,,孝桓帝
3653,孝質帝,,,孝质帝
3652,孝沖帝,,,孝冲帝
3647,孝順帝,,,孝顺帝
3646,孝安帝,,,孝安帝
3645,孝和帝,,,孝和帝
3644,孝章帝,,,孝章帝
3643,光武帝,,,光武帝
2999,殤帝,,,殇帝
267,隱帝,,,隐帝
266,昭武帝,,,昭武帝
264,光文帝,,,光文帝
3629,高帝,,,高帝
3839,孝武帝,,,孝武帝
3725,孝平帝,,,孝平帝
3724,孝哀帝,,,孝哀帝
3723,孝成帝,,,孝成帝
3708,孝元帝,,,孝元帝
3634,孝宣帝,,,孝亘帝
3633,孝昭帝,,,孝昭帝
3632,孝景帝,,,孝景帝
3631,孝文帝,,,孝文帝
3630,孝惠帝,,,孝惠帝
2946,少帝,,,少帝
2933,少帝,,,少帝
3004,秦文王,,,秦文王
3635,文明帝,,,文明帝
3998,景昭帝,,,景昭帝
4001,幽帝,,,幽帝
291,文成帝,,,文成帝
292,昭成帝,,,昭成帝
290,惠懿帝,,,惠懿帝
3703,成武帝,,,成武帝
3673,昭武帝,,,昭武帝
3672,惠愍帝,,,惠愍帝
288,昭文帝,,,昭文帝
4326,宣昭帝,,,亘昭帝
3680,高帝,,,高帝
7866,景明帝,,,景明帝
3679,哀平帝,,,哀平帝
4362,武昭帝,,,武昭帝
3901,文桓帝,,,文桓帝
3678,厲王,,,厉王
4487,孝宣帝,,,孝亘帝
4486,武帝,,,武帝
4485,文帝,,,文帝
4479,廢帝,,,废帝
4171,文帝,,,文帝
3746,恭帝,,,恭帝
311,道武帝,,,道武帝
4051,太武帝,,,太武帝
3825,孝明帝,,,孝明帝
3821,宣武帝,,,亘武帝
3819,孝文帝,,,孝文帝
3740,孝莊帝,,,孝庄帝
316,獻文帝,,,献文帝
315,文成帝,,,文成帝
312,明元帝,,,明元帝
4113,文帝,,,文帝
3659,元帝,,,元帝
263,明帝,,,明帝
7809,孝靜帝,,,孝静帝
3820,文帝,,,文帝
3744,廢帝,,,废帝
320,恭帝,,,恭帝
4521,孝昭帝,,,孝昭帝
4519,文宣帝,,,文亘帝
3742,廢帝,,,废帝
7605,高帝,,,高帝
4361,武帝,,,武帝
3697,和帝,,,和帝
3695,明帝,,,明帝
7153,宣帝,,,亘帝
15343,聖德神功文武帝,,,圣德神功文武帝
15346,聖文欽孝帝,,,圣文钦孝帝
15344,欽明廣孝帝,,,钦明广孝帝
15350,翼獻莊和帝,,,翼献庄和帝
15351,光聖仁孝帝,,,光圣仁孝帝
15345,仁惠宣孝帝,,,仁惠亘孝帝
15347,睿聖文孝帝,,,睿圣文孝帝
15283,神武聖文帝,,,神武圣文帝
15292,神武帝,,,神武帝
15293,孝和帝,,,孝和帝
15261,明道崇德文宣帝,,,明道崇德文亘帝
15260,光文肅武孝高帝,,,光文肃武孝高帝
15273,天皇大帝帝,,,天皇大帝帝
15256,武忠景王,,,武忠景王
15257,景帝,,,景帝
15259,睿帝,,,睿帝
15264,文穆王,,,文穆王
15263,武肅王,,,武肃王
15266,忠懿王,,,忠懿王
15265,忠獻王,,,忠献王
15258,高帝,,,高帝
15327,聖宗帝,,,圣宗帝
15326,聖文帝,,,圣文帝
15325,康靖帝,,,康靖帝
15323,武烈帝,,,武烈帝
15328,昭簡帝,,,昭简帝
15324,昭英帝,,,昭英帝
15330,英文帝,,,英文帝
15308,體天法道極功帝,,,体天法道极功帝
15316,循道憲仁明功帝,,,循道宪仁明功帝
15311,憲天敦化寧文帝,,,宪天敦化宁文帝
15306,至仁應道神功帝,,,至仁应道神功帝
15305,啓運立極英武帝,,,启运立极英武帝
15315,紹統同道冠德帝,,,绍统同道冠德帝
15317,法天備道純德帝,,,法天备道纯德帝
15319,端文明武景孝帝,,,端文明武景孝帝
15312,體神合道開德帝,,,体神合道开德帝
15318,建道備德大功帝,,,建道备德大功帝
15307,應符稽古成功帝,,,应符稽古成功帝
15310,紹天法古運德帝,,,绍天法古运德帝
15309,體乾應曆隆功帝,,,体干应历隆功帝
15314,受命中興全功帝,,,受命中兴全功帝
15254,睿武孝文帝,,,睿武孝文帝
15253,聖神恭肅文武帝,,,圣神恭肃文武帝
15246,聖德和武欽孝帝,,,圣德和武钦孝帝
15245,光聖神閔孝帝,,,光圣神闵孝帝
15249,聖文章武明德帝,,,圣文章武明德帝
15243,神武元聖孝帝,,,神武元圣孝帝
15251,睿文聖武昭肅帝,,,睿文圣武昭肃帝
15285,武成英烈昭肅帝,,,武成英烈昭肃帝
15364,欽天履道英毅帝,,,钦天履道英毅帝
15357,敬天體道純誠帝,,,敬天体道纯诚帝
15360,恭仁康定景帝,,,恭仁康定景帝
15367,崇天契道英睿帝,,,崇天契道英睿帝
15354,開天行道肇紀帝,,,开天行道肇纪帝
15362,達天明道純誠帝,,,达天明道纯诚帝
15358,憲天崇道英明帝,,,宪天崇道英明帝
15369,紹天繹道剛明帝,,,绍天绎道刚明帝
15361,繼天凝道顯中帝,,,继天凝道显中帝
15356,啓天弘道高明帝,,,启天弘道高明帝
15363,承天達道英肅帝,,,承天达道英肃帝
15368,達天闡道敦孝帝,,,达天阐道敦孝帝
15366,範天合道哲肅帝,,,范天合道哲肃帝
15365,契天隆道淵懿帝,,,契天隆道渊懿帝
15359,法天立道仁明帝,,,法天立道仁明帝
15279,恭孝王,,,恭孝王
15277,武穆王,,,武穆王
15374,敬天昌運建中帝,,,敬天昌运建中帝
15372,體天隆運定統帝,,,体天隆运定统帝
15376,受天興運敷化帝,,,受天兴运敷化帝
15371,應天興國弘德帝,,,应天兴国弘德帝
15370,承天廣運聖德帝,,,承天广运圣德帝
15377,效天符運立中帝,,,效天符运立中帝
15380,同天崇運大中帝,,,同天崇运大中帝
15378,協天翊運執中帝,,,协天翊运执中帝
15379,繼天開運受中帝,,,继天开运受中帝
15373,合天弘運文武帝,,,合天弘运文武帝
15375,法天隆運至誠帝,,,法天隆运至诚帝
15288,文獻王,,,文献王
15287,武信王,,,武信王
15298,孝和莊憲帝,,,孝和庄宪帝
15297,孝武惠文帝,,,孝武惠文帝
15296,大聖大明神烈帝,,,大圣大明神烈帝
15300,孝成康靖帝,,,孝成康靖帝
15299,孝安敬正帝,,,孝安敬正帝
15301,文武大聖廣孝帝,,,文武大圣广孝帝
15302,神聖孝章帝,,,神圣孝章帝
15303,仁聖大孝帝,,,仁圣大孝帝
15337,仁帝,,,仁帝
15334,文烈帝,,,文烈帝
15333,武元帝,,,武元帝
15340,哀帝,,,哀帝
15335,德宗帝,,,德宗帝
15338,憲帝,,,宪帝
15267,忠潔王,,,忠洁王
16640,懿太子,,,懿太子
16646,後主,,,后主
278,武威武王,,,武威武王
279,河西康王,,,河西康王
280,景王,,,景王
15382,忠獻王,,,忠献王
10186,唐殤皇帝,,,唐殇皇帝
302,廢主,,,废主
303,後主,,,后主
4407,武烈皇帝,,,武烈皇帝
16641,末帝,,,末帝
16510,法興王,,,法兴王
16511,眞興王,,,真兴王
16512,眞智王,,,真智王
16513,眞平王,,,真平王
16514,善德王,,,善德王
16515,眞德王,,,真德王
16516,武烈王,,,武烈王
16517,文武王,,,文武王
16518,神文王,,,神文王
16519,孝昭王,,,孝昭王
16520,聖德王,,,圣德王
16521,孝成王,,,孝成王
16522,景德王,,,景德王
16523,惠恭王,,,惠恭王
16524,宣德王,,,亘德王
16525,元聖王,,,元圣王
16526,昭聖王,,,昭圣王
16527,哀莊王,,,哀庄王
16528,憲德王,,,宪德王
16529,興德王,,,兴德王
16530,僖康王,,,僖康王
16531,閔哀王,,,闵哀王
16532,神武王,,,神武王
16533,文聖王,,,文圣王
16534,憲安王,,,宪安王
16535,景文王,,,景文王
16536,憲康王,,,宪康王
16537,定康王,,,定康王
16538,眞聖王,,,真圣王
16539,孝恭王,,,孝恭王
16540,神德王,,,神德王
16541,景明王,,,景明王
16542,景哀王,,,景哀王
16543,敬順王,,,敬顺王
16334,孝徳天皇,,,孝德天皇
16338,天武天皇,,,天武天皇
16340,文武天皇,,,文武天皇
16341,元明天皇,,,元明天皇
16342,元正天皇,,,元正天皇
16343,聖武天皇,,,圣武天皇
16346,光仁天皇,,,光仁天皇
16347,桓武天皇,,,桓武天皇
16348,平城天皇,,,平城天皇
16349,嵯峨天皇,,,嵯峨天皇
16350,淳和天皇,,,淳和天皇
16351,仁明天皇,,,仁明天皇
16352,文徳天皇,,,文德天皇
16353,清和天皇,,,清和天皇
16354,陽成天皇,,,阳成天皇
16355,光孝天皇,,,光孝天皇
16356,宇多天皇,,,宇多天皇
16357,醍醐天皇,,,醍醐天皇
16358,朱雀天皇,,,朱雀天皇
16359,村上天皇,,,村上天皇
16360,冷泉天皇,,,冷泉天皇
16361,円融天皇,,,圆融天皇
16362,花山天皇,,,花山天皇
16363,一条天皇,,,一条天皇
16364,三条天皇,,,三条天皇
16365,後一条天皇,,,后一条天皇
16366,後朱雀天皇,,,后朱雀天皇
16367,後冷泉天皇,,,后冷泉天皇
16368,後三条天皇,,,后三条天皇
16369,白河天皇,,,白河天皇
16370,堀河天皇,,,堀河天皇
16371,鳥羽天皇,,,鸟羽天皇
16372,崇徳天皇,,,崇德天皇
16373,近衛天皇,,,近卫天皇
16374,後白河天皇,,,后白河天皇
16375,二条天皇,,,二条天皇
16376,六条天皇,,,六条天皇
16377,高倉天皇,,,高仓天皇
16378,安徳天皇,,,安德天皇
16379,後鳥羽天皇,,,后鸟羽天皇
16380,土御門天皇,,,土御门天皇
16381,順徳天皇,,,顺德天皇
16383,後堀河天皇,,,后堀河天皇
16384,四条天皇,,,四条天皇
16385,後嵯峨天皇,,,后嵯峨天皇
16386,後深草天皇,,,后深草天皇
16387,亀山天皇,,,龟山天皇
16388,後宇多天皇,,,后宇多天皇
16389,伏見天皇,,,伏见天皇
16390,後伏見天皇,,,后伏见天皇
16391,後二条天皇,,,后二条天皇
16392,花園天皇,,,花园天皇
16393,後醍醐天皇,,,后醍醐天皇
16394,後村上天皇,,,后村上天皇
16395,長慶天皇,,,长庆天皇
16396,後亀山天皇,,,后龟山天皇
16397,光厳天皇,,,光严天皇
16398,光明天皇,,,光明天皇
16399,崇光天皇,,,崇光天皇
16400,後光厳天皇,,,后光严天皇
16401,後円融天皇,,,后圆融天皇
16402,後小松天皇,,,后小松天皇
16403,称光天皇,,,称光天皇
16404,後花園天皇,,,后花园天皇
16405,後土御門天皇,,,后土御门天皇
16406,後柏原天皇,,,后柏原天皇
16407,後奈良天皇,,,后奈良天皇
16408,正親町天皇,,,正亲町天皇
16409,後陽成天皇,,,后阳成天皇
16410,後水尾天皇,,,后水尾天皇
16412,後光明天皇,,,后光明天皇
16413,後西天皇,,,后西天皇
16414,霊元天皇,,,灵元天皇
16416,中御門天皇,,,中御门天皇
16417,桜町天皇,,,樱町天皇
16418,桃園天皇,,,桃园天皇
16419,後桜町天皇,,,后樱町天皇
16420,後桃園天皇,,,后桃园天皇
16421,光格天皇,,,光格天皇
16422,仁孝天皇,,,仁孝天皇
16423,孝明天皇,,,孝明天皇
16424,明治天皇,,,明治天皇
16425,大正天皇,,,大正天皇
16426,昭和天皇,,,昭和天皇
16618,燕山君,,,燕山君
16623,光海君,,,光海君
10187,聖神皇帝,,,圣神皇帝
16651,末主,,,末主
16598,忠穆王,,,忠穆王
16599,忠定王,,,忠定王
16600,恭愍王,,,恭愍王
16601,前廢王,,,前废王
16602,後廢王,,,后废王
16603,恭讓王,,,恭让王
298,武元王,,,武元王
297,宣烈王,,,亘烈王
299,文昭王,,,文昭王
3739,長廣王,,,长广王
4359,懿武皇帝,,,懿武皇帝
3886,靈皇帝,,,灵皇帝
277,後主,,,后主
3900,後主,,,后主
3907,大皇帝,,,大皇帝
3910,末皇帝,,,末皇帝
1571,西平明公,,,西平明公
4002,威皇帝,,,威皇帝
289,末主,,,末主
3078,歸義侯,,,归义侯
286,冠軍侯,,,冠军侯
3671,後主,,,后主
7617,明皇帝,,,明皇帝
4302,武皇帝,,,武皇帝
293,後主,,,后主
16957,紹武帝,,,绍武帝
3198,武王,,,武王
3237,惠文王,,,惠文王
3249,孝昭王,,,孝昭王
3730,少帝,,,少帝
3730,廢帝,,,废帝
3838,明帝,,,明帝
3733,後廢帝,,,后废帝
274,涼敬悼公,,,凉敬悼公
274,沖王,,,冲王
4358,孝元帝,,,孝元帝
7175,孝明帝,,,孝明帝
7175,明帝,,,明帝
7178,孝靖帝,,,孝靖帝
7178,靖帝,,,靖帝
283,哀王,,,哀王
7342,武宣王,,,武亘王
4173,煬帝,,,炀帝
3657,邵陵厲公,,,邵陵厉公
3657,少帝,,,少帝
3741,節閔帝,,,节闵帝
3741,前廢帝,,,前废帝
318,出帝,,,出帝
318,孝武帝,,,孝武帝
4520,武成帝,,,武成帝
16344,孝謙天皇,,,孝谦天皇
16594,忠烈王,,,忠烈王
16595,忠宣王,,,忠亘王
16596,忠肅王,,,忠肃王
16597,忠惠王,,,忠惠王
3731,景皇帝,,,景皇帝
3914,明皇帝,,,明皇帝
3918,武皇帝,,,武皇帝
3917,孝宣皇帝,,,孝亘皇帝
3682,孝閔皇帝,,,孝闵皇帝
321,靜皇帝,,,静皇帝
3860,孝武皇帝,,,孝武皇帝
3853,文皇帝,,,文皇帝
3856,武皇帝,,,武皇帝
3833,前廢皇帝,,,前废皇帝
3734,順皇帝,,,顺皇帝
3732,少皇帝,,,少皇帝
3876,成皇帝,,,成皇帝
3875,穆皇帝,,,穆皇帝
3874,明皇帝,,,明皇帝
3873,元皇帝,,,元皇帝
3872,孝武皇帝,,,孝武皇帝
3871,簡文皇帝,,,简文皇帝
3866,哀皇帝,,,哀皇帝
3667,恭皇帝,,,恭皇帝
3666,安皇帝,,,安皇帝
3665,廢皇帝,,,废皇帝
3664,康皇帝,,,康皇帝
3877,孝惠皇帝,,,孝惠皇帝
3663,愍皇帝,,,愍皇帝
3662,孝懷皇帝,,,孝怀皇帝
3641,武皇帝,,,武皇帝
3737,敬皇帝,,,敬皇帝
3861,武皇帝,,,武皇帝
4356,簡文皇帝,,,简文皇帝
3729,孝懷皇帝,,,孝怀皇帝
3710,昭烈皇帝,,,昭烈皇帝
3854,孝明皇帝,,,孝明皇帝
3837,孝靈皇帝,,,孝灵皇帝
3728,少皇帝,,,少皇帝
3656,孝獻皇帝,,,孝献皇帝
3655,少皇帝,,,少皇帝
3654,孝桓皇帝,,,孝桓皇帝
3653,孝質皇帝,,,孝质皇帝
3652,孝沖皇帝,,,孝冲皇帝
3647,孝順皇帝,,,孝顺皇帝
3646,孝安皇帝,,,孝安皇帝
3645,孝和皇帝,,,孝和皇帝
3644,孝章皇帝,,,孝章皇帝
3643,光武皇帝,,,光武皇帝
2999,殤皇帝,,,殇皇帝
3629,高皇帝,,,高皇帝
3839,孝武皇帝,,,孝武皇帝
3725,孝平皇帝,,,孝平皇帝
3724,孝哀皇帝,,,孝哀皇帝
3723,孝成皇帝,,,孝成皇帝
3708,孝元皇帝,,,孝元皇帝
3634,孝宣皇帝,,,孝亘皇帝
3633,孝昭皇帝,,,孝昭皇帝
3632,孝景皇帝,,,孝景皇帝
3631,孝文皇帝,,,孝文皇帝
3630,孝惠皇帝,,,孝惠皇帝
2946,少皇帝,,,少皇帝
2933,少皇帝,,,少皇帝
4487,孝宣皇帝,,,孝亘皇帝
4486,武皇帝,,,武皇帝
4485,文皇帝,,,文皇帝
4479,廢皇帝,,,废皇帝
4171,文皇帝,,,文皇帝
3746,恭皇帝,,,恭皇帝
311,道武皇帝,,,道武皇帝
4051,太武皇帝,,,太武皇帝
3825,孝明皇帝,,,孝明皇帝
3821,宣武皇帝,,,亘武皇帝
3819,孝文皇帝,,,孝文皇帝
3740,孝莊皇帝,,,孝庄皇帝
316,獻文皇帝,,,献文皇帝
315,文成皇帝,,,文成皇帝
312,明元皇帝,,,明元皇帝
4113,文皇帝,,,文皇帝
3659,元皇帝,,,元皇帝
263,明皇帝,,,明皇帝
7809,孝靜皇帝,,,孝静皇帝
3820,文皇帝,,,文皇帝
3744,廢皇帝,,,废皇帝
320,恭皇帝,,,恭皇帝
7605,高皇帝,,,高皇帝
4361,武皇帝,,,武皇帝
3697,和皇帝,,,和皇帝
3695,明皇帝,,,明皇帝
7153,宣皇帝,,,亘皇帝
15343,聖德神功文武皇帝,,,圣德神功文武皇帝
15346,聖文欽孝皇帝,,,圣文钦孝皇帝
15344,欽明廣孝皇帝,,,钦明广孝皇帝
15350,翼獻莊和皇帝,,,翼献庄和皇帝
15351,光聖仁孝皇帝,,,光圣仁孝皇帝
15345,仁惠宣孝皇帝,,,仁惠亘孝皇帝
15347,睿聖文孝皇帝,,,睿圣文孝皇帝
15308,體天法道極功皇帝,,,体天法道极功皇帝
15316,循道憲仁明功皇帝,,,循道宪仁明功皇帝
15311,憲天敦化寧文皇帝,,,宪天敦化宁文皇帝
15306,至仁應道神功皇帝,,,至仁应道神功皇帝
15305,啓運立極英武皇帝,,,启运立极英武皇帝
15315,紹統同道冠德皇帝,,,绍统同道冠德皇帝
15317,法天備道純德皇帝,,,法天备道纯德皇帝
15319,端文明武景孝皇帝,,,端文明武景孝皇帝
15312,體神合道開德皇帝,,,体神合道开德皇帝
15318,建道備德大功皇帝,,,建道备德大功皇帝
15307,應符稽古成功皇帝,,,应符稽古成功皇帝
15310,紹天法古運德皇帝,,,绍天法古运德皇帝
15309,體乾應曆隆功皇帝,,,体干应历隆功皇帝
15314,受命中興全功皇帝,,,受命中兴全功皇帝
15364,欽天履道英毅皇帝,,,钦天履道英毅皇帝
15357,敬天體道純誠皇帝,,,敬天体道纯诚皇帝
15360,恭仁康定景皇帝,,,恭仁康定景皇帝
15367,崇天契道英睿皇帝,,,崇天契道英睿皇帝
15354,開天行道肇紀皇帝,,,开天行道肇纪皇帝
15362,達天明道純誠皇帝,,,达天明道纯诚皇帝
15358,憲天崇道英明皇帝,,,宪天崇道英明皇帝
15369,紹天繹道剛明皇帝,,,绍天绎道刚明皇帝
15361,繼天凝道顯中皇帝,,,继天凝道显中皇帝
15356,啓天弘道高明皇帝,,,启天弘道高明皇帝
15363,承天達道英肅皇帝,,,承天达道英肃皇帝
15368,達天闡道敦孝皇帝,,,达天阐道敦孝皇帝
15366,範天合道哲肅皇帝,,,范天合道哲肃皇帝
15365,契天隆道淵懿皇帝,,,契天隆道渊懿皇帝
15359,法天立道仁明皇帝,,,法天立道仁明皇帝
15374,敬天昌運建中皇帝,,,敬天昌运建中皇帝
15372,體天隆運定統皇帝,,,体天隆运定统皇帝
15376,受天興運敷化皇帝,,,受天兴运敷化皇帝
15371,應天興國弘德皇帝,,,应天兴国弘德皇帝
15370,承天廣運聖德皇帝,,,承天广运圣德皇帝
15377,效天符運立中皇帝,,,效天符运立中皇帝
15380,同天崇運大中皇帝,,,同天崇运大中皇帝
15378,協天翊運執中皇帝,,,协天翊运执中皇帝
15379,繼天開運受中皇帝,,,继天开运受中皇帝
15373,合天弘運文武皇帝,,,合天弘运文武皇帝
15375,法天隆運至誠皇帝,,,法天隆运至诚皇帝
15337,仁皇帝,,,仁皇帝
15334,文烈皇帝,,,文烈皇帝
15333,武元皇帝,,,武元皇帝
15340,哀皇帝,,,哀皇帝
15335,德宗皇帝,,,德宗皇帝
15338,憲皇帝,,,宪皇帝
16648,感天皇后,,,感天皇后
16650,承天皇后,,,承天皇后
3730,少皇帝,,,少皇帝
3730,廢皇帝,,,废皇帝
3838,明皇帝,,,明皇帝
3733,後廢皇帝,,,后废皇帝
4358,孝元皇帝,,,孝元皇帝
7175,孝明皇帝,,,孝明皇帝
7175,明皇帝,,,明皇帝
7178,孝靖皇帝,,,孝靖皇帝
7178,靖皇帝,,,靖皇帝
4173,煬皇帝,,,炀皇帝
3657,少皇帝,,,少皇帝
3741,節閔皇帝,,,节闵皇帝
3741,前廢皇帝,,,前废皇帝
318,出皇帝,,,出皇帝
318,孝武皇帝,,,孝武皇帝
275,涼悼公張天錫,,,凉悼公张天锡
273,涼哀公公張曜靈,,,凉哀公公张曜灵
3004,秦文王李流,,,秦文王李流
278,武威武王禿髮烏孤,,,武威武王秃发乌孤
279,河西康王禿髮利鹿孤,,,河西康王秃发利鹿孤
1571,西平明公張寔,,,西平明公张实
274,涼敬悼公張玄靚,,,凉敬悼公张玄靓
3657,邵陵厲公曹芳,,,邵陵厉公曹芳
275,涼悼公天錫,,,凉悼公天锡
273,涼哀公公曜靈,,,凉哀公公曜灵
3004,秦文王流,,,秦文王流
278,武威武王烏孤,,,武威武王乌孤
279,河西康王利鹿孤,,,河西康王利鹿孤
1571,西平明公寔,,,西平明公实
274,涼敬悼公玄靚,,,凉敬悼公玄靓
3657,邵陵厲公芳,,,邵陵厉公芳
275,涼公張天錫,,,凉公张天锡
273,涼公張曜靈,,,凉公张曜灵
3736,貞陽侯蕭明,,,贞阳侯萧明
3736,貞陽侯蕭淵明,,,贞阳侯萧渊明
7316,豫章王蕭棟,,,豫章王萧栋
6004,武陵王蕭紀,,,武陵王萧纪
3722,海昏侯劉賀,,,海昏侯刘贺
3004,秦王李流,,,秦王李流
265,梁王劉和,,,梁王刘和
5965,秦王楊浩,,,秦王杨浩
7705,安定王元朗,,,安定王元朗
1345,京兆王元愉,,,京兆王元愉
3696,東昏侯蕭寶卷,,,东昏侯萧宝卷
6414,范陽王高紹義,,,范阳王高绍义
3269,安德王高延宗,,,安德王高延宗
3694,海陵王蕭昭文,,,海陵王萧昭文
3693,鬱林王蕭昭業,,,郁林王萧昭业
7320,涼王李暠,,,凉王李皓
278,武王禿髮烏孤,,,武王秃发乌孤
279,河西王禿髮利鹿孤,,,河西王秃发利鹿孤
4000,獻武皇帝慕容德,,,献武皇帝慕容德
15383,郢王朱友珪,,,郢王朱友珪
3842,秦王劉曜,,,秦王刘曜
1571,西平公張寔,,,西平公张实
3658,高貴鄉公曹髦,,,高贵乡公曹髦
4193,建康公段業,,,建康公段业
4301,海陽王石弘,,,海阳王石弘
270,新興王石祗,,,新兴王石祗
269,義陽王石鑒,,,义阳王石鉴
274,涼公張玄靚,,,凉公张玄靓
5692,越王楊侗,,,越王杨侗
3657,邵陵公曹芳,,,邵陵公曹芳
314,南安王拓拔余,,,南安王拓拔余
314,南安王拓跋余,,,南安王拓跋余
314,南安王托跋余,,,南安王托跋余
314,吳王拓拔余,,,吴王拓拔余
314,吳王拓跋余,,,吴王拓跋余
314,吳王托跋余,,,吴王托跋余
275,涼公天錫,,,凉公天锡
273,涼公曜靈,,,凉公曜灵
3736,貞陽侯明,,,贞阳侯明
3736,貞陽侯淵明,,,贞阳侯渊明
7316,豫章王棟,,,豫章王栋
6004,武陵王紀,,,武陵王纪
3722,海昏侯賀,,,海昏侯贺
3004,秦王流,,,秦王流
265,梁王和,,,梁王和
5965,秦王浩,,,秦王浩
7705,安定王朗,,,安定王朗
1345,京兆王愉,,,京兆王愉
3696,東昏侯寶卷,,,东昏侯宝卷
6414,范陽王紹義,,,范阳王绍义
3269,安德王延宗,,,安德王延宗
3694,海陵王昭文,,,海陵王昭文
3693,鬱林王昭業,,,郁林王昭业
7320,涼王暠,,,凉王皓
278,武王烏孤,,,武王乌孤
279,河西王利鹿孤,,,河西王利鹿孤
4000,獻武皇帝德,,,献武皇帝德
15383,郢王友珪,,,郢王友珪
3842,秦王曜,,,秦王曜
1571,西平公寔,,,西平公实
3658,高貴鄉公髦,,,高贵乡公髦
4193,建康公業,,,建康公业
4301,海陽王弘,,,海阳王弘
270,新興王祗,,,新兴王祗
269,義陽王鑒,,,义阳王鉴
274,涼公玄靚,,,凉公玄靓
5692,越王侗,,,越王侗
3657,邵陵公芳,,,邵陵公芳
314,南安王余,,,南安王余
314,吳王余,,,吴王余
16648,感天后,,,感天后
16650,承天后,,,承天后
3917,宣帝,,,亘帝
3682,閔帝,,,闵帝
3877,惠帝,,,惠帝
3662,懷帝,,,怀帝
4356,文帝,,,文帝
3854,明帝,,,明帝
3837,靈帝,,,灵帝
3656,獻帝,,,献帝
3654,桓帝,,,桓帝
3653,質帝,,,质帝
3652,沖帝,,,冲帝
3647,順帝,,,顺帝
3646,安帝,,,安帝
3645,和帝,,,和帝
3644,章帝,,,章帝
3839,武帝,,,武帝
3725,平帝,,,平帝
3724,哀帝,,,哀帝
3723,成帝,,,成帝
3708,元帝,,,元帝
3634,宣帝,,,亘帝
3633,昭帝,,,昭帝
3632,景帝,,,景帝
3631,文帝,,,文帝
3630,惠帝,,,惠帝
3740,莊帝,,,庄帝
316,獻帝,,,献帝
4358,元帝,,,元帝
275,悼公,,,悼公
273,哀公公,,,哀公公
3025,幽公,,,幽公
3706,高后,,,高后
3001,景帝,,,景帝
3004,文王,,,文王
271,武悼天王,,,武悼天王
3028,安王,,,安王
278,威武王,,,威武王
279,康王,,,康王
1571,明公,,,明公
274,敬悼公,,,敬悼公
3657,厲公,,,厉公
2030,太子劭,,,太子劭
16640,太子旉,,,太子旉
2030,皇太子劭,,,皇太子劭
16640,皇太子旉,,,皇太子旉
3914,世宗明皇帝,,,世宗明皇帝
3918,高祖武皇帝,,,高祖武皇帝
3860,世祖孝武皇帝,,,世祖孝武皇帝
3853,太祖文皇帝,,,太祖文皇帝
3856,高祖武皇帝,,,高祖武皇帝
3874,肅祖明皇帝,,,肃祖明皇帝
3872,烈宗孝武皇帝,,,烈宗孝武皇帝
3641,世祖武皇帝,,,世祖武皇帝
3861,高祖武皇帝,,,高祖武皇帝
3854,顯宗孝明皇帝,,,显宗孝明皇帝
3654,威宗孝桓皇帝,,,威宗孝桓皇帝
3647,敬宗孝順皇帝,,,敬宗孝顺皇帝
3646,恭宗孝安皇帝,,,恭宗孝安皇帝
3645,穆宗孝和皇帝,,,穆宗孝和皇帝
3644,肅宗孝章皇帝,,,肃宗孝章皇帝
3643,世祖光武皇帝,,,世祖光武皇帝
3629,高祖高皇帝,,,高祖高皇帝
3839,世宗孝武皇帝,,,世宗孝武皇帝
3725,元宗孝平皇帝,,,元宗孝平皇帝
3723,統宗孝成皇帝,,,统宗孝成皇帝
3708,高宗孝元皇帝,,,高宗孝元皇帝
3634,中宗孝宣皇帝,,,中宗孝亘皇帝
3631,太宗孝文皇帝,,,太宗孝文皇帝
3635,太祖文明皇帝,,,太祖文明皇帝
3998,烈宗景昭皇帝,,,烈宗景昭皇帝
291,太祖文成皇帝,,,太祖文成皇帝
3703,世祖成武皇帝,,,世祖成武皇帝
3673,中宗昭武皇帝,,,中宗昭武皇帝
3672,烈宗惠愍皇帝,,,烈宗惠愍皇帝
4326,世祖宣昭皇帝,,,世祖亘昭皇帝
3680,太宗高皇帝,,,太宗高皇帝
7866,高祖景明皇帝,,,高祖景明皇帝
4362,太祖武昭皇帝,,,太祖武昭皇帝
3901,高祖文桓皇帝,,,高祖文桓皇帝
4487,高宗孝宣皇帝,,,高宗孝亘皇帝
4486,高祖武皇帝,,,高祖武皇帝
4485,世祖文皇帝,,,世祖文皇帝
4171,高祖文皇帝,,,高祖文皇帝
311,太祖道武皇帝,,,太祖道武皇帝
4051,世祖太武皇帝,,,世祖太武皇帝
3825,肅宗孝明皇帝,,,肃宗孝明皇帝
3821,世宗宣武皇帝,,,世宗亘武皇帝
3819,高祖孝文皇帝,,,高祖孝文皇帝
316,顯祖獻文皇帝,,,显祖献文皇帝
315,高宗文成皇帝,,,高宗文成皇帝
312,太宗明元皇帝,,,太宗明元皇帝
4113,高祖文皇帝,,,高祖文皇帝
263,烈祖明皇帝,,,烈祖明皇帝
4519,顯祖文宣皇帝,,,显祖文亘皇帝
7605,太祖高皇帝,,,太祖高皇帝
4361,世祖武皇帝,,,世祖武皇帝
3695,高宗明皇帝,,,高宗明皇帝
15343,世祖聖德神功文武皇帝,,,世祖圣德神功文武皇帝
15346,仁宗聖文欽孝皇帝,,,仁宗圣文钦孝皇帝
15344,成宗欽明廣孝皇帝,,,成宗钦明广孝皇帝
15350,文宗翼獻莊和皇帝,,,文宗翼献庄和皇帝
15351,明宗光聖仁孝皇帝,,,明宗光圣仁孝皇帝
15345,武宗仁惠宣孝皇帝,,,武宗仁惠亘孝皇帝
15347,英宗睿聖文孝皇帝,,,英宗睿圣文孝皇帝
15283,高祖神武聖文皇帝,,,高祖神武圣文皇帝
15292,世祖神武皇帝,,,世祖神武皇帝
15293,睿宗孝和皇帝,,,睿宗孝和皇帝
15261,元宗明道崇德文宣皇帝,,,元宗明道崇德文亘皇帝
15260,烈祖光文肅武孝高皇帝,,,烈祖光文肃武孝高皇帝
15273,高祖天皇大帝皇帝,,,高祖天皇大帝皇帝
15256,太祖武忠景王,,,太祖武忠景王
15257,烈宗景皇帝,,,烈宗景皇帝
15264,世宗文穆王,,,世宗文穆王
15263,太祖武肅王,,,太祖武肃王
15265,成宗忠獻王,,,成宗忠献王
15258,高祖高皇帝,,,高祖高皇帝
15327,仁宗聖宗皇帝,,,仁宗圣宗皇帝
15326,崇宗聖文皇帝,,,崇宗圣文皇帝
15325,惠宗康靖皇帝,,,惠宗康靖皇帝
15323,景宗武烈皇帝,,,景宗武烈皇帝
15328,桓宗昭簡皇帝,,,桓宗昭简皇帝
15324,毅宗昭英皇帝,,,毅宗昭英皇帝
15330,神宗英文皇帝,,,神宗英文皇帝
15308,仁宗體天法道極功皇帝,,,仁宗体天法道极功皇帝
15316,光宗循道憲仁明功皇帝,,,光宗循道宪仁明功皇帝
15311,哲宗憲天敦化寧文皇帝,,,哲宗宪天敦化宁文皇帝
15306,太宗至仁應道神功皇帝,,,太宗至仁应道神功皇帝
15305,太祖啓運立極英武皇帝,,,太祖启运立极英武皇帝
15315,孝宗紹統同道冠德皇帝,,,孝宗绍统同道冠德皇帝
15317,寧宗法天備道純德皇帝,,,宁宗法天备道纯德皇帝
15319,度宗端文明武景孝皇帝,,,度宗端文明武景孝皇帝
15312,徽宗體神合道開德皇帝,,,徽宗体神合道开德皇帝
15318,理宗建道備德大功皇帝,,,理宗建道备德大功皇帝
15307,真宗應符稽古成功皇帝,,,真宗应符稽古成功皇帝
15310,神宗紹天法古運德皇帝,,,神宗绍天法古运德皇帝
15309,英宗體乾應曆隆功皇帝,,,英宗体干应历隆功皇帝
15314,高宗受命中興全功皇帝,,,高宗受命中兴全功皇帝
15254,世宗睿武孝文皇帝,,,世宗睿武孝文皇帝
15253,太祖聖神恭肅文武皇帝,,,太祖圣神恭肃文武皇帝
15246,明宗聖德和武欽孝皇帝,,,明宗圣德和武钦孝皇帝
15245,莊宗光聖神閔孝皇帝,,,庄宗光圣神闵孝皇帝
15249,高祖聖文章武明德皇帝,,,高祖圣文章武明德皇帝
15243,太祖神武元聖孝皇帝,,,太祖神武元圣孝皇帝
15251,高祖睿文聖武昭肅皇帝,,,高祖睿文圣武昭肃皇帝
15285,高祖武成英烈昭肅皇帝,,,高祖武成英烈昭肃皇帝
15364,世宗欽天履道英毅皇帝,,,世宗钦天履道英毅皇帝
15357,仁宗敬天體道純誠皇帝,,,仁宗敬天体道纯诚皇帝
15360,代宗恭仁康定景皇帝,,,代宗恭仁康定景皇帝
15367,光宗崇天契道英睿皇帝,,,光宗崇天契道英睿皇帝
15354,太祖開天行道肇紀皇帝,,,太祖开天行道肇纪皇帝
15362,孝宗達天明道純誠皇帝,,,孝宗达天明道纯诚皇帝
15358,宣宗憲天崇道英明皇帝,,,亘宗宪天崇道英明皇帝
15369,思宗紹天繹道剛明皇帝,,,思宗绍天绎道刚明皇帝
15361,憲宗繼天凝道顯中皇帝,,,宪宗继天凝道显中皇帝
15356,成祖啓天弘道高明皇帝,,,成祖启天弘道高明皇帝
15363,武宗承天達道英肅皇帝,,,武宗承天达道英肃皇帝
15368,熹宗達天闡道敦孝皇帝,,,熹宗达天阐道敦孝皇帝
15366,神宗範天合道哲肅皇帝,,,神宗范天合道哲肃皇帝
15365,穆宗契天隆道淵懿皇帝,,,穆宗契天隆道渊懿皇帝
15359,英宗法天立道仁明皇帝,,,英宗法天立道仁明皇帝
15374,世宗敬天昌運建中皇帝,,,世宗敬天昌运建中皇帝
15372,世祖體天隆運定統皇帝,,,世祖体天隆运定统皇帝
15376,仁宗受天興運敷化皇帝,,,仁宗受天兴运敷化皇帝
15371,太宗應天興國弘德皇帝,,,太宗应天兴国弘德皇帝
15370,太祖承天廣運聖德皇帝,,,太祖承天广运圣德皇帝
15377,宣宗效天符運立中皇帝,,,亘宗效天符运立中皇帝
15380,德宗同天崇運大中皇帝,,,德宗同天崇运大中皇帝
15378,文宗協天翊運執中皇帝,,,文宗协天翊运执中皇帝
15379,穆宗繼天開運受中皇帝,,,穆宗继天开运受中皇帝
15373,聖祖合天弘運文武皇帝,,,圣祖合天弘运文武皇帝
15375,高宗法天隆運至誠皇帝,,,高宗法天隆运至诚皇帝
15287,高祖武信王,,,高祖武信王
15298,世宗孝和莊憲皇帝,,,世宗孝和庄宪皇帝
15297,太宗孝武惠文皇帝,,,太宗孝武惠文皇帝
15296,太祖大聖大明神烈皇帝,,,太祖大圣大明神烈皇帝
15300,景宗孝成康靖皇帝,,,景宗孝成康靖皇帝
15299,穆宗孝安敬正皇帝,,,穆宗孝安敬正皇帝
15301,聖宗文武大聖廣孝皇帝,,,圣宗文武大圣广孝皇帝
15302,興宗神聖孝章皇帝,,,兴宗神圣孝章皇帝
15303,道宗仁聖大孝皇帝,,,道宗仁圣大孝皇帝
15337,世宗仁皇帝,,,世宗仁皇帝
15334,太宗文烈皇帝,,,太宗文烈皇帝
15333,太祖武元皇帝,,,太祖武元皇帝
15340,宣宗哀皇帝,,,亘宗哀皇帝
15335,熙宗德宗皇帝,,,熙宗德宗皇帝
15338,章宗憲皇帝,,,章宗宪皇帝
15267,太祖忠潔王,,,太祖忠洁王
16516,太宗武烈王,,,太宗武烈王
3838,太宗明皇帝,,,太宗明皇帝
4358,世祖孝元皇帝,,,世祖孝元皇帝
7342,太祖武宣王,,,太祖武亘王
4520,世祖武成皇帝,,,世祖武成皇帝
3040,昭文皇帝,,,昭文皇帝
3009,武皇帝,,,武皇帝
267,隱皇帝,,,隐皇帝
266,昭武皇帝,,,昭武皇帝
264,光文皇帝,,,光文皇帝
3635,文明皇帝,,,文明皇帝
3998,景昭皇帝,,,景昭皇帝
4001,幽皇帝,,,幽皇帝
291,文成皇帝,,,文成皇帝
292,昭成皇帝,,,昭成皇帝
290,惠懿皇帝,,,惠懿皇帝
3703,成武皇帝,,,成武皇帝
3673,昭武皇帝,,,昭武皇帝
3672,惠愍皇帝,,,惠愍皇帝
288,昭文皇帝,,,昭文皇帝
4326,宣昭皇帝,,,亘昭皇帝
3680,高皇帝,,,高皇帝
7866,景明皇帝,,,景明皇帝
3679,哀平皇帝,,,哀平皇帝
4362,武昭皇帝,,,武昭皇帝
3901,文桓皇帝,,,文桓皇帝
4521,孝昭皇帝,,,孝昭皇帝
4519,文宣皇帝,,,文亘皇帝
3742,廢皇帝,,,废皇帝
15283,神武聖文皇帝,,,神武圣文皇帝
15292,神武皇帝,,,神武皇帝
15293,孝和皇帝,,,孝和皇帝
15261,明道崇德文宣皇帝,,,明道崇德文亘皇帝
15260,光文肅武孝高皇帝,,,光文肃武孝高皇帝
15273,天皇大帝皇帝,,,天皇大帝皇帝
15257,景皇帝,,,景皇帝
15259,睿皇帝,,,睿皇帝
15258,高皇帝,,,高皇帝
15327,聖宗皇帝,,,圣宗皇帝
15326,聖文皇帝,,,圣文皇帝
15325,康靖皇帝,,,康靖皇帝
15323,武烈皇帝,,,武烈皇帝
15328,昭簡皇帝,,,昭简皇帝
15324,昭英皇帝,,,昭英皇帝
15330,英文皇帝,,,英文皇帝
15254,睿武孝文皇帝,,,睿武孝文皇帝
15253,聖神恭肅文武皇帝,,,圣神恭肃文武皇帝
15246,聖德和武欽孝皇帝,,,圣德和武钦孝皇帝
15245,光聖神閔孝皇帝,,,光圣神闵孝皇帝
15249,聖文章武明德皇帝,,,圣文章武明德皇帝
15243,神武元聖孝皇帝,,,神武元圣孝皇帝
15251,睿文聖武昭肅皇帝,,,睿文圣武昭肃皇帝
15285,武成英烈昭肅皇帝,,,武成英烈昭肃皇帝
15298,孝和莊憲皇帝,,,孝和庄宪皇帝
15297,孝武惠文皇帝,,,孝武惠文皇帝
15296,大聖大明神烈皇帝,,,大圣大明神烈皇帝
15300,孝成康靖皇帝,,,孝成康靖皇帝
15299,孝安敬正皇帝,,,孝安敬正皇帝
15301,文武大聖廣孝皇帝,,,文武大圣广孝皇帝
15302,神聖孝章皇帝,,,神圣孝章皇帝
15303,仁聖大孝皇帝,,,仁圣大孝皇帝
16640,懿皇太子,,,懿皇太子
16646,後皇主,,,后皇主
10186,唐殤皇皇帝,,,唐殇皇皇帝
302,廢皇主,,,废皇主
303,後皇主,,,后皇主
4407,武烈皇皇帝,,,武烈皇皇帝
16641,末皇帝,,,末皇帝
10187,聖神皇皇帝,,,圣神皇皇帝
16651,末皇主,,,末皇主
4359,懿武皇皇帝,,,懿武皇皇帝
3886,靈皇皇帝,,,灵皇皇帝
277,後皇主,,,后皇主
3900,後皇主,,,后皇主
3907,大皇皇帝,,,大皇皇帝
3910,末皇皇帝,,,末皇皇帝
4002,威皇皇帝,,,威皇皇帝
289,末皇主,,,末皇主
3078,歸義皇侯,,,归义皇侯
286,冠軍皇侯,,,冠军皇侯
3671,後皇主,,,后皇主
7617,明皇皇帝,,,明皇皇帝
4302,武皇皇帝,,,武皇皇帝
293,後皇主,,,后皇主
16957,紹武皇帝,,,绍武皇帝
4520,武成皇帝,,,武成皇帝
3106,楊茂搜,,,杨茂搜
10185,楊定,,,杨定
16327,欽明天皇,,,钦明天皇
16328,敏達天皇,,,敏达天皇
16329,用明天皇,,,用明天皇
16330,崇峻天皇,,,崇峻天皇
16331,推古天皇,,,推古天皇
16332,舒明天皇,,,舒明天皇
16333,皇極天皇,,,皇极天皇
16335,斉明天皇,,,齐明天皇
16336,天智天皇,,,天智天皇
16337,弘文天皇,,,弘文天皇
16339,持統天皇,,,持统天皇
16345,淳仁天皇,,,淳仁天皇
16382,仲恭天皇,,,仲恭天皇
16411,正天皇,,,正天皇
16415,東山天皇,,,东山天皇
16427,東明聖王,,,东明圣王
16428,琉璃明王,,,琉璃明王
16429,大武神王,,,大武神王
16430,閔中王,,,闵中王
16431,慕本王,,,慕本王
16432,太祖王,,,太祖王
16433,次大王,,,次大王
16434,大王,,,大王
16435,故國川王,,,故国川王
16436,山上王,,,山上王
16437,東川王,,,东川王
16438,中川王,,,中川王
16439,西川王,,,西川王
16440,烽上王,,,烽上王
16441,美川王,,,美川王
16442,故國原王,,,故国原王
16443,小獸林王,,,小兽林王
16444,故國壤王,,,故国壤王
16445,廣開土好太王,,,广开土好太王
16446,長壽王,,,长寿王
16447,文咨王,,,文咨王
16448,安藏王,,,安藏王
16449,安原王,,,安原王
16450,阳原王,,,阳原王
16451,平原太王,,,平原太王
16452,嬰陽王,,,婴阳王
16453,榮留王,,,荣留王
16454,寶藏王,,,宝藏王
16455,報德王,,,报德王
16456,溫祚王,,,温祚王
16457,多婁王,,,多娄王
16458,己婁王,,,己娄王
16459,蓋婁王,,,盖娄王
16460,肖古王,,,肖古王
16461,仇首王,,,仇首王
16462,沙伴王,,,沙伴王
16463,古爾王,,,古尔王
16464,責稽王,,,责稽王
16465,汾西王,,,汾西王
16466,比流王,,,比流王
16467,契王,,,契王
16468,近肖古王,,,近肖古王
16469,近仇首王,,,近仇首王
16470,枕流王,,,枕流王
16471,辰斯王,,,辰斯王
16472,阿莘王,,,阿莘王
16473,腆支王,,,腆支王
16474,久爾辛王,,,久尔辛王
16475,毗有王,,,毗有王
16476,蓋鹵王,,,盖卤王
16477,文周王,,,文周王
16478,三斤王,,,三斤王
16479,東城王,,,东城王
16480,武寧王,,,武宁王
16481,聖王,,,圣王
16482,威德王,,,威德王
16483,惠王,,,惠王
16484,法王,,,法王
16485,武王,,,武王
16486,義慈王,,,义慈王
16487,末王扶餘豐,,,末王扶余丰
16488,始祖,,,始祖
16489,南解王,,,南解王
16490,儒理王,,,儒理王
16491,脫解王,,,脱解王
16492,婆娑王,,,婆娑王
16493,祇摩王,,,只摩王
16494,逸聖王,,,逸圣王
16495,阿達羅王,,,阿达罗王
16496,伐休王,,,伐休王
16497,奈解王,,,奈解王
16498,助賁王,,,助贲王
16499,沾解王,,,沾解王
16500,味鄒王,,,味邹王
16501,儒禮王,,,儒礼王
16502,基臨王,,,基临王
16503,訖解王,,,讫解王
16504,奈勿王,,,奈勿王
16505,實聖王,,,实圣王
16506,訥祗王,,,讷祗王
16507,慈悲王,,,慈悲王
16508,炤智王,,,照智王
16509,智證王,,,智证王
16545,渤海太祖,,,渤海太祖
16546,渤海光宗,,,渤海光宗
16547,渤海世宗,,,渤海世宗
16548,渤海廢王,,,渤海废王
16549,渤海仁宗,,,渤海仁宗
16550,渤海穆宗,,,渤海穆宗
16551,渤海毅宗,,,渤海毅宗
16552,渤海康宗,,,渤海康宗
16553,渤海哲宗,,,渤海哲宗
16554,渤海聖宗,,,渤海圣宗
16555,渤海莊宗,,,渤海庄宗
16556,渤海順宗,,,渤海顺宗
16557,渤海明宗,,,渤海明宗
16558,渤海王大瑋瑎,,,渤海王大玮瑎
16559,渤海哀王,,,渤海哀王
16560,渤海王大光顯,,,渤海王大光显
16561,王弓裔,,,王弓裔
16562,王甄萱,,,王甄萱
16563,王甄神劍,,,王甄神剑
16617,成宗,,,成宗
